{
    "dummy": {
        "accuracy": 0.7375,
        "f1": 0.0,
        "roc_auc": 0.5
    },
    "log_reg": {
        "accuracy": 0.8119444444444445,
        "f1": 0.5606748864373783,
        "roc_auc": 0.7976938789744817
    },
    "DecisionTree": {
        "accuracy": 0.8383333333333334,
        "f1": 0.6576470588235294,
        "roc_auc": 0.8371031995137457
    },
    "RandomForest": {
        "accuracy": 0.8908333333333334,
        "f1": 0.7578558225508318,
        "roc_auc": 0.9280720214430196
    },
    "GradientBoosting": {
        "accuracy": 0.9038888888888889,
        "f1": 0.8009205983889528,
        "roc_auc": 0.9253049552107933
    },
    "Stacking": {
        "accuracy": 0.9047222222222222,
        "f1": 0.806978052898143,
        "roc_auc": 0.9281144690560885
    }
}