experiment,model,accuracy,f1_macro
baselines,LogisticRegression,0.2637592308764107,0.2546493164032371
baselines,RandomForest,0.2443918071617667,0.2016433184955439
cnn_variants,CNN_Baseline,0.5829733872091403,0.4678282605747806
cnn_variants,CNN_Improved,0.5496725651386373,0.4287423825448986
cnn_variants,CNN_aug_base,0.367284380660443,0.2886558684747017
cnn_variants,CNN_aug_geo,0.3376062421624634,0.2572718305352065
cnn_variants,CNN_aug_photo,0.3759230876410757,0.2643713332865077
cnn_variants,CNN_aug_combined,0.44029538804514423,0.2935669974232783
