value,count,share
A,12,0.6666666666666666
B,6,0.3333333333333333
