value,count,share
N,4,0.5714285714285714
Y,3,0.42857142857142855
